,count,mean,std,min,25%,50%,75%,max
total_resource_rents_pct_gdp,4535.0,6.610420616514414,10.885842937754665,0.0,0.1167588224911585,1.63840228211153,8.05945429734335,88.5923456549581
natural_gas_rents_pct_gdp,4294.0,0.6296980444060876,2.6797564947209485,0.0,0.0,0.0,0.14269785465233076,55.0087709271248
oil_rents_pct_gdp,4271.0,3.597794203625915,9.478053557604637,0.0,0.0,0.0164788319009585,1.0654248031838351,82.776896134566
coal_rents_pct_gdp,4266.0,0.2713972972394778,1.8507725492119347,0.0,0.0,0.0,0.013838817193390725,48.7224896766497
mineral_rents_pct_gdp,4553.0,0.762058832395962,2.394730194154182,0.0,0.0,0.00151314311376712,0.262367105043267,35.2518384192318
forest_rents_pct_gdp,4553.0,1.6024014602878873,3.6818203685790785,0.0,0.0091027491038749,0.167443981638572,1.13001985532043,40.408299604519
gdp_growth_pct,4555.0,3.282411274007275,5.950203861530604,-54.4020925789353,1.1557115278932648,3.49791942086068,5.898108882749725,86.8267484395784
gdp_per_capita_growth_pct,4555.0,1.9442902738217978,5.837889906749659,-55.2935602758164,-0.08480341251070915,2.11919822497499,4.370858798947175,91.7813702690939
poverty_gap_3usd_pct,1703.0,3.6357604227833233,7.684840640504433,0.0,0.1,0.5,3.1,65.3
gini_index,1703.0,36.84321785085144,8.173029618269762,23.2,30.7,35.0,41.6,65.0
political_stability_score_0_100,4240.0,65.33585320287736,16.880970146587103,13.7631732,54.4359046,66.40324045,79.966764825,95.95376
