model,variable,coefficient,clustered_standard_error,p_value,ci_95_low,ci_95_high,observations,countries,first_year,last_year,r_squared_including_fixed_effects,country_fixed_effects,year_fixed_effects,standard_errors_clustered_by
Baseline on core-control sample,total_resource_rents_pct_gdp,0.14727936044105927,0.046134483236124194,0.0014109964406741795,0.05685577329825585,0.23770294758386268,4251,210,2001,2021,0.28435570807482935,True,True,Country Code
Core controls: lagged log GDP per capita + population growth,total_resource_rents_pct_gdp,0.15767296094321814,0.05753298193931216,0.006133337561462933,0.04490831634216631,0.27043760554427,4251,210,2001,2021,0.3229743328325084,True,True,Country Code
Core controls: lagged log GDP per capita + population growth,log_gdp_per_capita_previous_year,-7.274764090011028,1.377267248697259,1.277617069728013e-07,-9.974207897457656,-4.5753202825644,4251,210,2001,2021,0.3229743328325084,True,True,Country Code
Core controls: lagged log GDP per capita + population growth,population_growth_pct,-0.41483240322122583,0.13867378248549264,0.0027767753502853576,-0.6866330168927914,-0.14303178954966028,4251,210,2001,2021,0.3229743328325084,True,True,Country Code
Baseline on expanded-control sample,total_resource_rents_pct_gdp,0.1761543306092287,0.04915835283388785,0.00033914300137883496,0.07980395905480851,0.27250470216364886,3503,183,2001,2021,0.31391705386990376,True,True,Country Code
Core controls on expanded-control sample,total_resource_rents_pct_gdp,0.2096375294346009,0.06200154568584903,0.000721788758116656,0.0881144998903368,0.331160558978865,3503,183,2001,2021,0.36398094092988975,True,True,Country Code
Core controls on expanded-control sample,log_gdp_per_capita_previous_year,-7.821948426850198,1.697337229678259,4.058489647710928e-06,-11.148729397019585,-4.495167456680811,3503,183,2001,2021,0.36398094092988975,True,True,Country Code
Core controls on expanded-control sample,population_growth_pct,-0.6077861121092454,0.09948425377456395,1.000252139387243e-09,-0.8027752495073908,-0.41279697471110005,3503,183,2001,2021,0.36398094092988975,True,True,Country Code
Expanded controls: core + investment + trade,total_resource_rents_pct_gdp,0.19710239334459578,0.05729284221258234,0.0005811511087265225,0.0848084226079344,0.30939636408125715,3503,183,2001,2021,0.3849108342771741,True,True,Country Code
Expanded controls: core + investment + trade,log_gdp_per_capita_previous_year,-7.835963922967785,1.665097054559437,2.526117354008355e-06,-11.099554149904282,-4.572373696031288,3503,183,2001,2021,0.3849108342771741,True,True,Country Code
Expanded controls: core + investment + trade,population_growth_pct,-0.6972831676669751,0.11445807862280952,1.114809742371823e-09,-0.9216210017676817,-0.47294533356626844,3503,183,2001,2021,0.3849108342771741,True,True,Country Code
Expanded controls: core + investment + trade,gross_capital_formation_pct_gdp,0.12696465710775584,0.02492274295502771,3.49978190042178e-07,0.07811608091590153,0.17581323329961016,3503,183,2001,2021,0.3849108342771741,True,True,Country Code
Expanded controls: core + investment + trade,trade_pct_gdp,0.025543274594170384,0.009180840403628697,0.005398558755347094,0.0075488274030581365,0.04353772178528263,3503,183,2001,2021,0.3849108342771741,True,True,Country Code
Same-year rents on lag-comparison sample,total_resource_rents_pct_gdp,0.1631455040096732,0.057939273614766494,0.004865569150244909,0.049584527724730876,0.27670648029461553,4243,210,2001,2021,0.3252463778034015,True,True,Country Code
Same-year rents on lag-comparison sample,log_gdp_per_capita_previous_year,-7.221487985252723,1.3749386978703657,1.5027238485985115e-07,-9.91636783307864,-4.5266081374268055,4243,210,2001,2021,0.3252463778034015,True,True,Country Code
Same-year rents on lag-comparison sample,population_growth_pct,-0.4340602104489619,0.13863065545162698,0.0017417952145796108,-0.7057762951341509,-0.16234412576377305,4243,210,2001,2021,0.3252463778034015,True,True,Country Code
Previous-year rents on lag-comparison sample,resource_rents_pct_gdp_previous_year,0.06568982412244662,0.05662227922453376,0.24599142896788234,-0.04528984315763955,0.1766694914025328,4243,210,2001,2021,0.3147618884782246,True,True,Country Code
Previous-year rents on lag-comparison sample,log_gdp_per_capita_previous_year,-7.211933540873598,1.29697432598467,2.688747605282028e-08,-9.75400321980355,-4.669863861943645,4243,210,2001,2021,0.3147618884782246,True,True,Country Code
Previous-year rents on lag-comparison sample,population_growth_pct,-0.423394521576995,0.13659964887312895,0.0019382884842212467,-0.6911298333683278,-0.15565920978566222,4243,210,2001,2021,0.3147618884782246,True,True,Country Code
